Solution ID,Attachment ID,Filename,Path,Size,Type
42,66001,Deploy Apache FOP.JPG,..\\fileAttachments\\Solutions\\Jul2016\\42\\Deploy Apache FOP.JPG,60755,-
42,66002,Deploy Apache FOP conf.JPG,..\\fileAttachments\\Solutions\\Jul2016\\42\\Deploy Apache FOP conf.JPG,92124,-
78,17782,om1.jpg,..\\fileAttachments\\Solutions\\Jun2010\\78\\om1.jpg,156165,-
222,3717,Spam-Whitelist.jpg,..\\fileAttachments\\Solutions\\Jun2010\\222\\Spam-Whitelist.jpg,250209,-
297,5101,Screenshot-Metadatabackup.PNG,..\\fileAttachments\\Solutions\\Aug2010\\297\\Screenshot-Metadatabackup.PNG,16676,-
366,17778,db2.jpg,..\\fileAttachments\\Solutions\\Sep2012\\366\\db2.jpg,45974,-
366,17779,db1.jpg,..\\fileAttachments\\Solutions\\Sep2012\\366\\db1.jpg,88209,-
366,17780,rcu1.jpg,..\\fileAttachments\\Solutions\\Sep2012\\366\\rcu1.jpg,90495,-
366,17781,rcu2.jpg,..\\fileAttachments\\Solutions\\Sep2012\\366\\rcu2.jpg,81110,-
366,17789,jdk1.jpg,..\\fileAttachments\\Solutions\\Sep2012\\366\\jdk1.jpg,40734,-
366,17790,wls1.jpg,..\\fileAttachments\\Solutions\\Sep2012\\366\\wls1.jpg,51181,-
366,17791,osb1.jpg,..\\fileAttachments\\Solutions\\Sep2012\\366\\osb1.jpg,71702,-
366,17792,osb2.jpg,..\\fileAttachments\\Solutions\\Sep2012\\366\\osb2.jpg,45453,-
366,17793,soa1.jpg,..\\fileAttachments\\Solutions\\Sep2012\\366\\soa1.jpg,71129,-
366,17794,dom1.jpg,..\\fileAttachments\\Solutions\\Sep2012\\366\\dom1.jpg,71109,-
366,17795,dom2.jpg,..\\fileAttachments\\Solutions\\Sep2012\\366\\dom2.jpg,28803,-
366,17796,dom3.jpg,..\\fileAttachments\\Solutions\\Sep2012\\366\\dom3.jpg,61554,-
366,17797,dom4.jpg,..\\fileAttachments\\Solutions\\Sep2012\\366\\dom4.jpg,85169,-
366,17798,dom5.jpg,..\\fileAttachments\\Solutions\\Sep2012\\366\\dom5.jpg,30646,-
366,17799,dom6.jpg,..\\fileAttachments\\Solutions\\Sep2012\\366\\dom6.jpg,31508,-
366,17800,dom7.jpg,..\\fileAttachments\\Solutions\\Sep2012\\366\\dom7.jpg,28144,-
366,17802,soapart.jpg,..\\fileAttachments\\Solutions\\Sep2012\\366\\soapart.jpg,74709,-
446,24612,add schema.JPG,..\\fileAttachments\\Solutions\\Jul2013\\446\\add schema.JPG,58512,-
446,24613,add schema1.JPG,..\\fileAttachments\\Solutions\\Jul2013\\446\\add schema1.JPG,65280,-
465,31218,ASCP.jpg,..\\fileAttachments\\Solutions\\Dec2013\\465\\ASCP.jpg,103450,-
536,84031,change_winpass1.png,..\\fileAttachments\\Solutions\\Oct2017\\536\\change_winpass1.png,210433,-
536,84032,change_winpass2.png,..\\fileAttachments\\Solutions\\Oct2017\\536\\change_winpass2.png,82387,-
536,84034,change_winpass3.png,..\\fileAttachments\\Solutions\\Oct2017\\536\\change_winpass3.png,68105,-
547,84011,1.PNG,..\\fileAttachments\\Solutions\\Oct2017\\547\\1.PNG,59211,-
547,84012,2.PNG,..\\fileAttachments\\Solutions\\Oct2017\\547\\2.PNG,57237,-
547,84013,3.PNG,..\\fileAttachments\\Solutions\\Oct2017\\547\\3.PNG,59432,-
549,91503,WF Mailer_PRODEBS.PNG,..\\fileAttachments\\Solutions\\Mar2018\\549\\WF Mailer_PRODEBS.PNG,128073,-
549,91504,OPP_PRODEBS.PNG,..\\fileAttachments\\Solutions\\Mar2018\\549\\OPP_PRODEBS.PNG,3062,-
550,84025,1.JPG,..\\fileAttachments\\Solutions\\Oct2017\\550\\1.JPG,103235,-
550,84026,2.JPG,..\\fileAttachments\\Solutions\\Oct2017\\550\\2.JPG,102889,-
557,85204,22.png,..\\fileAttachments\\Solutions\\Nov2017\\557\\22.png,6290,-
572,98720,ASCP.jpg,..\\fileAttachments\\Solutions\\Aug2018\\572\\ASCP.jpg,103450,-
572,112809,Workflow Post Clone Step Check.jpg,..\fileAttachments\Solutions\Jun2019\572\Workflow Post Clone Step Check.jpg,76903,-
644,180329,Error Message.png,..\fileAttachments\solution\May2023\180329\Error Message.png,17804,image/png
