solutionid,attachmentid,attachmentname,attachmentpath,attachmentsize,contenttype
8,1216,Log into Unity.doc,..\\fileAttachments\\Solutions\\Apr2010\\8\\Log into Unity.doc,27136,-
10,1232,preinstall.pl,..\\fileAttachments\\Solutions\\Apr2010\\10\\preinstall.pl,739,-
10,1235,OEM Grid Control Installation.doc,..\\fileAttachments\\Solutions\\Apr2010\\10\\OEM Grid Control Installation.doc,725504,-
10,1236,OEM Grid Control 10205 Upgrade.doc,..\\fileAttachments\\Solutions\\Apr2010\\10\\OEM Grid Control 10205 Upgrade.doc,609792,-
10,5415,Deploying Oracle Enterprise Manager Agent.doc,..\\fileAttachments\\Solutions\\Apr2010\\10\\Deploying Oracle Enterprise Manager Agent.doc,620032,-
24,3644,CustomerWorksheetForAnalyst.xls,..\\fileAttachments\\Solutions\\Jun2010\\24\\CustomerWorksheetForAnalyst.xls,695808,-
26,3637,Create_new_APEX_workspace.zip,..\\fileAttachments\\Solutions\\Jun2010\\26\\Create_new_APEX_workspace.zip,1839228,-
27,3638,CPanel.doc,..\\fileAttachments\\Solutions\\Jun2010\\27\\CPanel.doc,281088,-
42,19873,Install PDF printing on ah19-new.txt,..\\fileAttachments\\Solutions\\Jun2010\\42\\Install PDF printing on ah19-new.txt,8707,-
42,66001,Deploy Apache FOP.JPG,..\\fileAttachments\\Solutions\\Jul2016\\42\\Deploy Apache FOP.JPG,60755,-
42,66002,Deploy Apache FOP conf.JPG,..\\fileAttachments\\Solutions\\Jul2016\\42\\Deploy Apache FOP conf.JPG,92124,-
51,3673,apex32_upgrade.swf,..\\fileAttachments\\Solutions\\Jun2010\\51\\apex32_upgrade.swf,2114400,-
51,3674,apex32_upgrade.swf.html,..\\fileAttachments\\Solutions\\Jun2010\\51\\apex32_upgrade.swf.html,708,-
55,3675,SSL_CSR_Generation.doc,..\\fileAttachments\\Solutions\\Jun2010\\55\\SSL_CSR_Generation.doc,278528,-
55,17884,Generate CSR Using CPanel.docx,..\\fileAttachments\\Solutions\\Jun2010\\55\\Generate CSR Using CPanel.docx,324564,-
56,3676,Install_SSL_certificate.zip,..\\fileAttachments\\Solutions\\Jun2010\\56\\Install_SSL_certificate.zip,3036821,-
56,17849,Set up SSL for Shared Hosting Customer Using CPanel.docx,..\\fileAttachments\\Solutions\\Jun2010\\56\\Set up SSL for Shared Hosting Customer Using CPanel.docx,804919,-
64,3679,oracle-instantclient11.1-devel-11.1.0.7.0-1.i386.rpm,..\\fileAttachments\\Solutions\\Jun2010\\64\\oracle-instantclient11.1-devel-11.1.0.7.0-1.i386.rpm,578817,-
64,3680,oracle-instantclient11.1-devel-11.1.0.7.0-1.x86_64.rpm,..\\fileAttachments\\Solutions\\Jun2010\\64\\oracle-instantclient11.1-devel-11.1.0.7.0-1.x86_64.rpm,578943,-
72,3681,Cisco_VPN_Setup.rtf,..\\fileAttachments\\Solutions\\Jun2010\\72\\Cisco_VPN_Setup.rtf,11409903,-
78,17782,om1.jpg,..\\fileAttachments\\Solutions\\Jun2010\\78\\om1.jpg,156165,-
80,3682,Create_VM_server_and_load_64bit_OS.doc,..\\fileAttachments\\Solutions\\Jun2010\\80\\Create_VM_server_and_load_64bit_OS.doc,1397760,-
85,3683,Expand-Linux-Filesystem.doc,..\\fileAttachments\\Solutions\\Jun2010\\85\\Expand-Linux-Filesystem.doc,183808,-
91,174332,hugepages prodebs.txt,..\fileAttachments\solution\Jan2023\174332\hugepages prodebs.txt,15750,text/plain
97,3684,How_to_restore_a_file_from_the_AFFA_backups.docx,..\\fileAttachments\\Solutions\\Jun2010\\97\\How_to_restore_a_file_from_the_AFFA_backups.docx,10421,-
99,3685,NetConf_AH_20091113.xls,..\\fileAttachments\\Solutions\\Jun2010\\99\\NetConf_AH_20091113.xls,123904,-
100,3686,Servers_in_172.1.x.x.xls,..\\fileAttachments\\Solutions\\Jun2010\\100\\Servers_in_172.1.x.x.xls,59904,-
106,3687,Installing_DRAC_Enterprise_in_a_Dell_Poweredge_R410.doc,..\\fileAttachments\\Solutions\\Jun2010\\106\\Installing_DRAC_Enterprise_in_a_Dell_Poweredge_R410.doc,5918720,-
114,3688,afio-2.4.7-1.x86_64.rpm,..\\fileAttachments\\Solutions\\Jun2010\\114\\afio-2.4.7-1.x86_64.rpm,63614,-
114,3689,buffer-1.19-1.x86_64.rpm,..\\fileAttachments\\Solutions\\Jun2010\\114\\buffer-1.19-1.x86_64.rpm,10872,-
114,3690,mindi-2.0.3-1.rhel5.x86_64.rpm,..\\fileAttachments\\Solutions\\Jun2010\\114\\mindi-2.0.3-1.rhel5.x86_64.rpm,263864,-
114,3691,mindi-busybox-1.7.3-1.rhel5.x86_64.rpm,..\\fileAttachments\\Solutions\\Jun2010\\114\\mindi-busybox-1.7.3-1.rhel5.x86_64.rpm,289767,-
114,3692,mondo-2.2.6-1.rhel5.x86_64.rpm,..\\fileAttachments\\Solutions\\Jun2010\\114\\mondo-2.2.6-1.rhel5.x86_64.rpm,945965,-
117,3693,New_server_installation_checklist.xls,..\\fileAttachments\\Solutions\\Jun2010\\117\\New_server_installation_checklist.xls,14336,-
118,3694,OS_Cloning.docx,..\\fileAttachments\\Solutions\\Jun2010\\118\\OS_Cloning.docx,15943,-
129,3695,SAN-009-iSCSI.xls,..\\fileAttachments\\Solutions\\Jun2010\\129\\SAN-009-iSCSI.xls,11776,-
133,3696,LogOntoServerConsoles_swf.zip,..\\fileAttachments\\Solutions\\Jun2010\\133\\LogOntoServerConsoles_swf.zip,6748632,-
135,3697,script1.txt,..\\fileAttachments\\Solutions\\Jun2010\\135\\script1.txt,2570,-
135,3698,script2.txt,..\\fileAttachments\\Solutions\\Jun2010\\135\\script2.txt,2812,-
137,3699,VMWare_Installation.pdf,..\\fileAttachments\\Solutions\\Jun2010\\137\\VMWare_Installation.pdf,525860,-
142,3700,ISCSI_Initiator_Configuration.doc,..\\fileAttachments\\Solutions\\Jun2010\\142\\ISCSI_Initiator_Configuration.doc,34304,-
143,3701,afio-2.4.7-1.x86_64.rpm,..\\fileAttachments\\Solutions\\Jun2010\\143\\afio-2.4.7-1.x86_64.rpm,63614,-
143,3702,buffer-1.19-1.x86_64.rpm,..\\fileAttachments\\Solutions\\Jun2010\\143\\buffer-1.19-1.x86_64.rpm,10872,-
143,3703,mindi-2.0.3-1.rhel5.x86_64.rpm,..\\fileAttachments\\Solutions\\Jun2010\\143\\mindi-2.0.3-1.rhel5.x86_64.rpm,263864,-
143,3704,mindi-busybox-1.7.3-1.rhel5.x86_64.rpm,..\\fileAttachments\\Solutions\\Jun2010\\143\\mindi-busybox-1.7.3-1.rhel5.x86_64.rpm,289767,-
143,3705,mondo-2.2.6-1.rhel5.x86_64.rpm,..\\fileAttachments\\Solutions\\Jun2010\\143\\mondo-2.2.6-1.rhel5.x86_64.rpm,945965,-
157,3706,ah_install.tar,..\\fileAttachments\\Solutions\\Jun2010\\157\\ah_install.tar,122880,-
160,3707,Migrate_Apex_Database_from_Linux_to_Solaris_-_Public_Version.pdf,..\\fileAttachments\\Solutions\\Jun2010\\160\\Migrate_Apex_Database_from_Linux_to_Solaris_-_Public_Version.pdf,170942,-
166,3708,DR_sync_process_detail.vsd,..\\fileAttachments\\Solutions\\Jun2010\\166\\DR_sync_process_detail.vsd,74240,-
166,3709,DR_sync_process_detail.pdf,..\\fileAttachments\\Solutions\\Jun2010\\166\\DR_sync_process_detail.pdf,22732,-
175,3710,R12_build_install-ver4.0.doc,..\\fileAttachments\\Solutions\\Jun2010\\175\\R12_build_install-ver4.0.doc,269824,-
177,3711,oracle_installation_on_rhel_5_prerequisites.txt,..\\fileAttachments\\Solutions\\Jun2010\\177\\oracle_installation_on_rhel_5_prerequisites.txt,3546,-
192,20464,Installation of OID Production.doc,..\\fileAttachments\\Solutions\\Jun2010\\192\\Installation of OID Production.doc,52224,-
208,3712,Emtek_new_pass_082009.xls,..\\fileAttachments\\Solutions\\Jun2010\\208\\Emtek_new_pass_082009.xls,19456,-
213,3713,Patching.xls,..\\fileAttachments\\Solutions\\Jun2010\\213\\Patching.xls,20992,-
219,3714,roots.zip,..\\fileAttachments\\Solutions\\Jun2010\\219\\roots.zip,128397,-
219,3715,OracleiPayment.pdf,..\\fileAttachments\\Solutions\\Jun2010\\219\\OracleiPayment.pdf,1384991,-
222,3717,Spam-Whitelist.jpg,..\\fileAttachments\\Solutions\\Jun2010\\222\\Spam-Whitelist.jpg,250209,-
224,3718,Exchange Distribution Groups.doc,..\\fileAttachments\\Solutions\\Jun2010\\224\\Exchange Distribution Groups.doc,107520,-
228,3719,Exchange Add Users.doc,..\\fileAttachments\\Solutions\\Jun2010\\228\\Exchange Add Users.doc,890880,-
234,3720,fusion weblogic 11g 10.3.12 install.zip,..\\fileAttachments\\Solutions\\Jun2010\\234\\fusion weblogic 11g 10.3.12 install.zip,4243682,-
235,3721,obiee.swf,..\\fileAttachments\\Solutions\\Jun2010\\235\\obiee.swf,1000738,-
235,3722,obiee.swf.html,..\\fileAttachments\\Solutions\\Jun2010\\235\\obiee.swf.html,663,-
237,3723,IDM Suite Install.doc,..\\fileAttachments\\Solutions\\Jun2010\\237\\IDM Suite Install.doc,817664,-
237,3724,RCU and New Domain Config.doc,..\\fileAttachments\\Solutions\\Jun2010\\237\\RCU and New Domain Config.doc,418304,-
237,3725,WLS Install.doc,..\\fileAttachments\\Solutions\\Jun2010\\237\\WLS Install.doc,137728,-
243,3726,ITIL-ITSM_Where_Do_I_Start.pdf,..\\fileAttachments\\Solutions\\Jun2010\\243\\ITIL-ITSM_Where_Do_I_Start.pdf,198620,-
244,3727,Peoplesoft HRMS and CS 9.0 Install Document Part - II.doc,..\\fileAttachments\\Solutions\\Jun2010\\244\\Peoplesoft HRMS and CS 9.0 Install Document Part - II.doc,1866752,-
244,3728,Peoplesoft HRMS and CS 9.0 Install Document Part - I.doc,..\\fileAttachments\\Solutions\\Jun2010\\244\\Peoplesoft HRMS and CS 9.0 Install Document Part - I.doc,2898944,-
245,3729,AHVPN.pcf,..\\fileAttachments\\Solutions\\Jun2010\\245\\AHVPN.pcf,646,-
245,3730,emtek_admin.pcf,..\\fileAttachments\\Solutions\\Jun2010\\245\\emtek_admin.pcf,745,-
245,3731,Sakura.pcf,..\\fileAttachments\\Solutions\\Jun2010\\245\\Sakura.pcf,669,-
249,3732,CRP2 migration steps and timing.xls,..\\fileAttachments\\Solutions\\Jun2010\\249\\CRP2 migration steps and timing.xls,18944,-
250,3733,Sakura_data_sheet_New.xls,..\\fileAttachments\\Solutions\\Jun2010\\250\\Sakura_data_sheet_New.xls,29696,-
250,3734,Sakura.pcf,..\\fileAttachments\\Solutions\\Jun2010\\250\\Sakura.pcf,669,-
251,3735,Sakura development 11.5.10.2 plaftform migration run book.doc,..\\fileAttachments\\Solutions\\Jun2010\\251\\Sakura development 11.5.10.2 plaftform migration run book.doc,119296,-
255,3736,Production migration steps and timing.xls,..\\fileAttachments\\Solutions\\Jun2010\\255\\Production migration steps and timing.xls,45568,-
256,3737,dblink.rtf,..\\fileAttachments\\Solutions\\Jun2010\\256\\dblink.rtf,6446909,-
257,3738,Discoverer 10g Installation and Setup.doc,..\\fileAttachments\\Solutions\\Jun2010\\257\\Discoverer 10g Installation and Setup.doc,2062336,-
258,3739,R12 build upgrade-ver4.0.doc,..\\fileAttachments\\Solutions\\Jun2010\\258\\R12 build upgrade-ver4.0.doc,163840,-
258,3740,Tai Ping Upgrade and Linux Migration-uat1.xls,..\\fileAttachments\\Solutions\\Jun2010\\258\\Tai Ping Upgrade and Linux Migration-uat1.xls,46592,-
258,3741,Tai_Ping_Upgrade_and_Linux_Migration-uat1_updated.xls,..\\fileAttachments\\Solutions\\Jun2010\\258\\Tai_Ping_Upgrade_and_Linux_Migration-uat1_updated.xls,55808,-
259,3742,flexfield_install.txt,..\\fileAttachments\\Solutions\\Jun2010\\259\\flexfield_install.txt,15278,-
259,3743,FlexField_v3664.zip,..\\fileAttachments\\Solutions\\Jun2010\\259\\FlexField_v3664.zip,6416300,-
261,3744,MLS Patching_pdev.xlsx,..\\fileAttachments\\Solutions\\Jun2010\\261\\MLS Patching_pdev.xlsx,11333,-
262,3745,Taiping_Datasheet_new.xls,..\\fileAttachments\\Solutions\\Jun2010\\262\\Taiping_Datasheet_new.xls,29696,-
262,3746,tpc instance data sheet.txt,..\\fileAttachments\\Solutions\\Jun2010\\262\\tpc instance data sheet.txt,3372,-
263,3747,Oracle Alerts Setup.doc,..\\fileAttachments\\Solutions\\Jun2010\\263\\Oracle Alerts Setup.doc,182784,-
264,3748,Taiping RMAN backup solution.doc,..\\fileAttachments\\Solutions\\Jun2010\\264\\Taiping RMAN backup solution.doc,59904,-
265,3749,tpc instance data sheet.txt,..\\fileAttachments\\Solutions\\Jun2010\\265\\tpc instance data sheet.txt,3372,-
265,3750,Tai_Ping_Instances.xls,..\\fileAttachments\\Solutions\\Jun2010\\265\\Tai_Ping_Instances.xls,31744,-
265,3921,Taiping_Datasheet.xls,..\\fileAttachments\\Solutions\\Jun2010\\265\\Taiping_Datasheet.xls,28672,-
266,3752,Tai Ping Architecture.pdf,..\\fileAttachments\\Solutions\\Jun2010\\266\\Tai Ping Architecture.pdf,84043,-
267,44448,avalara_postclone_steps.docx,..\\fileAttachments\\Solutions\\Jun2010\\267\\avalara_postclone_steps.docx,962126,-
267,51311,TDEV post clone steps.docx,..\\fileAttachments\\Solutions\\Jun2010\\267\\TDEV post clone steps.docx,13885,-
268,3753,Tai_Ping_Patching_History.xls,..\\fileAttachments\\Solutions\\Jun2010\\268\\Tai_Ping_Patching_History.xls,21504,-
270,3754,Web_discoverer.doc,..\\fileAttachments\\Solutions\\Jun2010\\270\\Web_discoverer.doc,57344,-
272,3755,dads.conf.doc,..\\fileAttachments\\Solutions\\Jun2010\\272\\dads.conf.doc,35840,-
272,3756,DatafilesList.html,..\\fileAttachments\\Solutions\\Jun2010\\272\\DatafilesList.html,21516,-
272,3757,httpd.conf.doc,..\\fileAttachments\\Solutions\\Jun2010\\272\\httpd.conf.doc,117248,-
272,3758,ICONS_Database_and_Webserver_Info.doc,..\\fileAttachments\\Solutions\\Jun2010\\272\\ICONS_Database_and_Webserver_Info.doc,27648,-
272,3759,ICONS_Database_Schemas.doc,..\\fileAttachments\\Solutions\\Jun2010\\272\\ICONS_Database_Schemas.doc,34304,-
272,3760,iconsnet_icons_umd_edu_ora.doc,..\\fileAttachments\\Solutions\\Jun2010\\272\\iconsnet_icons_umd_edu_ora.doc,25600,-
272,3761,TablespacesList.html,..\\fileAttachments\\Solutions\\Jun2010\\272\\TablespacesList.html,10812,-
272,3762,UsersList.html,..\\fileAttachments\\Solutions\\Jun2010\\272\\UsersList.html,22850,-
273,3763,dads.conf.doc,..\\fileAttachments\\Solutions\\Jun2010\\273\\dads.conf.doc,35840,-
273,3764,DatafilesList.html,..\\fileAttachments\\Solutions\\Jun2010\\273\\DatafilesList.html,21516,-
273,3765,httpd.conf.doc,..\\fileAttachments\\Solutions\\Jun2010\\273\\httpd.conf.doc,117248,-
273,3766,ICONS_Database_and_Webserver_Info.doc,..\\fileAttachments\\Solutions\\Jun2010\\273\\ICONS_Database_and_Webserver_Info.doc,27648,-
273,3767,ICONS_Database_Schemas.doc,..\\fileAttachments\\Solutions\\Jun2010\\273\\ICONS_Database_Schemas.doc,34304,-
273,3768,iconsnet_icons_umd_edu_ora.doc,..\\fileAttachments\\Solutions\\Jun2010\\273\\iconsnet_icons_umd_edu_ora.doc,25600,-
273,3769,TablespacesList.html,..\\fileAttachments\\Solutions\\Jun2010\\273\\TablespacesList.html,10812,-
273,3770,UsersList.html,..\\fileAttachments\\Solutions\\Jun2010\\273\\UsersList.html,22850,-
282,3930,Brocade Zoning.txt,..\\fileAttachments\\Solutions\\Jul2010\\282\\Brocade Zoning.txt,1088,-
283,3949,Fusion-Administration-Guide.pdf,..\\fileAttachments\\Solutions\\Jul2010\\283\\Fusion-Administration-Guide.pdf,9489709,-
285,3950,SSL_CSR_Generation.doc,..\\fileAttachments\\Solutions\\Jul2010\\285\\SSL_CSR_Generation.doc,278528,-
285,3954,Install SSL certificate.zip,..\\fileAttachments\\Solutions\\Jul2010\\285\\Install SSL certificate.zip,3036821,-
288,3956,CustomerWorksheetForAnalyst.xls,..\\fileAttachments\\Solutions\\Jul2010\\288\\CustomerWorksheetForAnalyst.xls,693248,-
296,4521,iSCSI Initiator and Target Configuration.docx,..\\fileAttachments\\Solutions\\Aug2010\\296\\iSCSI Initiator and Target Configuration.docx,15877,-
297,5101,Screenshot-Metadatabackup.PNG,..\\fileAttachments\\Solutions\\Aug2010\\297\\Screenshot-Metadatabackup.PNG,16676,-
300,6329,Creating a Local Storage Repository.txt,..\\fileAttachments\\Solutions\\Sep2010\\300\\Creating a Local Storage Repository.txt,513,-
303,6637,CustomerWorksheetForAnalyst.xlsx,..\\fileAttachments\\Solutions\\Sep2010\\303\\CustomerWorksheetForAnalyst.xlsx,342528,-
306,6646,Install cygwin.zip,..\\fileAttachments\\Solutions\\Sep2010\\306\\Install cygwin.zip,14965251,-
306,6647,Install cygwin.swf.html,..\\fileAttachments\\Solutions\\Sep2010\\306\\Install cygwin.swf.html,708,-
308,7513,Production RAC Buildout.doc,..\\fileAttachments\\Solutions\\Sep2010\\308\\Production RAC Buildout.doc,29184,-
308,7514,RAC Install.docx,..\\fileAttachments\\Solutions\\Sep2010\\308\\RAC Install.docx,971659,-
308,7515,RAC DB.docx,..\\fileAttachments\\Solutions\\Sep2010\\308\\RAC DB.docx,396576,-
309,7212,Citrix Xen Server EMC CX4 iSCSI Setup.docx,..\\fileAttachments\\Solutions\\Sep2010\\309\\Citrix Xen Server EMC CX4 iSCSI Setup.docx,18471,-
313,7522,Logging Into the AH Network Switches.docx,..\\fileAttachments\\Solutions\\Oct2010\\313\\Logging Into the AH Network Switches.docx,14014,-
315,7534,OEM Grid Control 11gR1 Installation on Linux 5.doc,..\\fileAttachments\\Solutions\\Oct2010\\315\\OEM Grid Control 11gR1 Installation on Linux 5.doc,479232,-
315,9654,Installing 11g OEM Agent.doc,..\\fileAttachments\\Solutions\\Oct2010\\315\\Installing 11g OEM Agent.doc,316416,-
318,7812,AppsHosting-DNS.docx,..\\fileAttachments\\Solutions\\Oct2010\\318\\AppsHosting-DNS.docx,104917,-
324,8401,How do customer create cron job through cpanel.txt,..\\fileAttachments\\Solutions\\Nov2010\\324\\How do customer create cron job through cpanel.txt,451,-
325,9004,Start and Stop Prod Environment.doc,..\\fileAttachments\\Solutions\\Nov2010\\325\\Start and Stop Prod Environment.doc,30720,-
325,9005,Start and Stop Dev Environment.doc,..\\fileAttachments\\Solutions\\Nov2010\\325\\Start and Stop Dev Environment.doc,29184,-
325,9006,Start and Stop Team Spaces Environment.doc,..\\fileAttachments\\Solutions\\Nov2010\\325\\Start and Stop Team Spaces Environment.doc,28160,-
325,9027,EASE Project Response and Action Plan.doc,..\\fileAttachments\\Solutions\\Nov2010\\325\\EASE Project Response and Action Plan.doc,26624,-
325,9094,Start and Stop Test Environment.doc,..\\fileAttachments\\Solutions\\Nov2010\\325\\Start and Stop Test Environment.doc,34304,-
331,9097,Maujim_upgrade.docx,..\\fileAttachments\\Solutions\\Dec2010\\331\\Maujim_upgrade.docx,18961,-
331,9704,8i to 10g ugprading procedure.txt,..\\fileAttachments\\Solutions\\Dec2010\\331\\8i to 10g ugprading procedure.txt,6958,-
349,10826,Weblogic Upgrade.rar,..\\fileAttachments\\Solutions\\Apr2011\\349\\Weblogic Upgrade.rar,16355379,-
350,10840,SOA Upgrade.rar,..\\fileAttachments\\Solutions\\Apr2011\\350\\SOA Upgrade.rar,21283343,-
351,10843,appshosting.com.zip,..\\fileAttachments\\Solutions\\Apr2011\\351\\appshosting.com.zip,4205,-
351,10844,appshosting.com.key.txt,..\\fileAttachments\\Solutions\\Apr2011\\351\\appshosting.com.key.txt,1702,-
352,10847,appshosting.com.zip,..\\fileAttachments\\Solutions\\May2011\\352\\appshosting.com.zip,4205,-
352,10848,appshosting.com.key.txt,..\\fileAttachments\\Solutions\\May2011\\352\\appshosting.com.key.txt,1702,-
353,10873,MaverickConnection problem.doc,..\\fileAttachments\\Solutions\\May2011\\353\\MaverickConnection problem.doc,177664,-
358,11200,Add New Node.docx,..\\fileAttachments\\Solutions\\Jul2011\\358\\Add New Node.docx,28225,-
364,17833,enabling maintenance page through OAM.docx,..\\fileAttachments\\Solutions\\Sep2012\\364\\enabling maintenance page through OAM.docx,71634,-
366,17778,db2.jpg,..\\fileAttachments\\Solutions\\Sep2012\\366\\db2.jpg,45974,-
366,17779,db1.jpg,..\\fileAttachments\\Solutions\\Sep2012\\366\\db1.jpg,88209,-
366,17780,rcu1.jpg,..\\fileAttachments\\Solutions\\Sep2012\\366\\rcu1.jpg,90495,-
366,17781,rcu2.jpg,..\\fileAttachments\\Solutions\\Sep2012\\366\\rcu2.jpg,81110,-
366,17789,jdk1.jpg,..\\fileAttachments\\Solutions\\Sep2012\\366\\jdk1.jpg,40734,-
366,17790,wls1.jpg,..\\fileAttachments\\Solutions\\Sep2012\\366\\wls1.jpg,51181,-
366,17791,osb1.jpg,..\\fileAttachments\\Solutions\\Sep2012\\366\\osb1.jpg,71702,-
366,17792,osb2.jpg,..\\fileAttachments\\Solutions\\Sep2012\\366\\osb2.jpg,45453,-
366,17793,soa1.jpg,..\\fileAttachments\\Solutions\\Sep2012\\366\\soa1.jpg,71129,-
366,17794,dom1.jpg,..\\fileAttachments\\Solutions\\Sep2012\\366\\dom1.jpg,71109,-
366,17795,dom2.jpg,..\\fileAttachments\\Solutions\\Sep2012\\366\\dom2.jpg,28803,-
366,17796,dom3.jpg,..\\fileAttachments\\Solutions\\Sep2012\\366\\dom3.jpg,61554,-
366,17797,dom4.jpg,..\\fileAttachments\\Solutions\\Sep2012\\366\\dom4.jpg,85169,-
366,17798,dom5.jpg,..\\fileAttachments\\Solutions\\Sep2012\\366\\dom5.jpg,30646,-
366,17799,dom6.jpg,..\\fileAttachments\\Solutions\\Sep2012\\366\\dom6.jpg,31508,-
366,17800,dom7.jpg,..\\fileAttachments\\Solutions\\Sep2012\\366\\dom7.jpg,28144,-
366,17802,soapart.jpg,..\\fileAttachments\\Solutions\\Sep2012\\366\\soapart.jpg,74709,-
366,17803,fusion ports.xls,..\\fileAttachments\\Solutions\\Sep2012\\366\\fusion ports.xls,38912,-
376,17834,BAM install.docx,..\\fileAttachments\\Solutions\\Sep2012\\376\\BAM install.docx,195983,-
378,18650,Provision New Windows 2008 Server.docx,..\\fileAttachments\\Solutions\\Sep2012\\378\\Provision New Windows 2008 Server.docx,3662416,-
384,17885,Purchase GoDaddy SSL Cert.docx,..\\fileAttachments\\Solutions\\Sep2012\\384\\Purchase GoDaddy SSL Cert.docx,499604,-
401,18631,Adding-new-printer-Linux.doc,..\\fileAttachments\\Solutions\\Nov2012\\401\\Adding-new-printer-Linux.doc,503296,-
414,20139,EBS 12.1.1 Install.docx,..\\fileAttachments\\Solutions\\Jan2013\\414\\EBS 12.1.1 Install.docx,392657,-
415,20140,ASCP 12.1.1 Install.docx,..\\fileAttachments\\Solutions\\Jan2013\\415\\ASCP 12.1.1 Install.docx,255002,-
416,20150,DB 11.2.0.3 Upgrade.docx,..\\fileAttachments\\Solutions\\Jan2013\\416\\DB 11.2.0.3 Upgrade.docx,96912,-
417,22525,Install GRC 8.6.4.5000.docx,..\\fileAttachments\\Solutions\\Feb2013\\417\\Install GRC 8.6.4.5000.docx,5667895,-
439,22201,Install Fusion FA 11.1.1.6.docx,..\\fileAttachments\\Solutions\\Jun2013\\439\\Install Fusion FA 11.1.1.6.docx,13449167,-
440,22510,Upgrade GRC from 8.6.4.500 to 8.6.4.700 run book.docx,..\\fileAttachments\\Solutions\\Jun2013\\440\\Upgrade GRC from 8.6.4.500 to 8.6.4.700 run book.docx,223210,-
442,23412,disc11g.docx,..\\fileAttachments\\Solutions\\Jul2013\\442\\disc11g.docx,3504060,-
445,24605,plpdf_k2.zip,..\\fileAttachments\\Solutions\\Jul2013\\445\\plpdf_k2.zip,10393,-
446,24612,add schema.JPG,..\\fileAttachments\\Solutions\\Jul2013\\446\\add schema.JPG,58512,-
446,24613,add schema1.JPG,..\\fileAttachments\\Solutions\\Jul2013\\446\\add schema1.JPG,65280,-
449,42307,Oracle_SSO_PROD.docx,..\\fileAttachments\\Solutions\\Aug2013\\449\\Oracle_SSO_PROD.docx,7305693,-
450,25846,Peoplesoft846config-Citrix-PROD-User(CURRENT),..\\fileAttachments\\Solutions\\Aug2013\\450\\Peoplesoft846config-Citrix-PROD-User(CURRENT),5722,-
451,27918,BR-100 NANO Oracle Advanced Supply Chain Planning V3.1.docx,..\\fileAttachments\\Solutions\\Sep2013\\451\\BR-100 NANO Oracle Advanced Supply Chain Planning V3.1.docx,616663,-
452,27925,Backdate Service Subscription_O2C.pdf,..\\fileAttachments\\Solutions\\Sep2013\\452\\Backdate Service Subscription_O2C.pdf,25914,-
452,27926,create_vertex_users.txt,..\\fileAttachments\\Solutions\\Sep2013\\452\\create_vertex_users.txt,1455,-
452,27927,Nanometrics - Vertex O Series Installation.pdf,..\\fileAttachments\\Solutions\\Sep2013\\452\\Nanometrics - Vertex O Series Installation.pdf,922264,-
452,27928,ValueSet_Vertex Tax regime code_Fix.docx,..\\fileAttachments\\Solutions\\Sep2013\\452\\ValueSet_Vertex Tax regime code_Fix.docx,53780,-
452,27929,Vertex_installation_screens.pdf,..\\fileAttachments\\Solutions\\Sep2013\\452\\Vertex_installation_screens.pdf,1958636,-
452,27944,AH Vertex Installation.docx,..\\fileAttachments\\Solutions\\Sep2013\\452\\AH Vertex Installation.docx,327733,-
455,29102,DU.zip,..\\fileAttachments\\Solutions\\Oct2013\\455\\DU.zip,117326,-
459,29431,Avalara_fixes.docx,..\\fileAttachments\\Solutions\\Oct2013\\459\\Avalara_fixes.docx,42670,-
459,33064,Avalara - Oracle EBS Connector Technical Configuration Guide v2.0.docx,..\\fileAttachments\\Solutions\\Oct2013\\459\\Avalara - Oracle EBS Connector Technical Configuration Guide v2.0.docx,1209782,-
460,30637,Vertex Post-clone updated.docx,..\\fileAttachments\\Solutions\\Nov2013\\460\\Vertex Post-clone updated.docx,265516,-
465,31218,ASCP.jpg,..\\fileAttachments\\Solutions\\Dec2013\\465\\ASCP.jpg,103450,-
465,76204,demantra-post-step.docx,..\\fileAttachments\\Solutions\\May2017\\465\\demantra-post-step.docx,153344,-
465,88844,clone_rac_to_rac.txt,..\\fileAttachments\\Solutions\\Jan2018\\465\\clone_rac_to_rac.txt,15350,-
480,48144,DR Testing.doc,..\\fileAttachments\\Solutions\\Oct2014\\480\\DR Testing.doc,35840,-
484,48145,Jitterbit.txt,..\\fileAttachments\\Solutions\\Jan2015\\484\\Jitterbit.txt,349812,-
510,78926,Demantra122InstallonASCP.docx,..\\fileAttachments\\Solutions\\Jun2017\\510\\Demantra122InstallonASCP.docx,2843892,-
511,79204,DemantraInstallonASCP.docx,..\\fileAttachments\\Solutions\\Jul2017\\511\\DemantraInstallonASCP.docx,672672,-
511,79205,DemantraInstalldetails.docx,..\\fileAttachments\\Solutions\\Jul2017\\511\\DemantraInstalldetails.docx,2413450,-
512,79206,NANOMETRICSRACPRE-PROD(4).docx,..\\fileAttachments\\Solutions\\Jul2017\\512\\NANOMETRICSRACPRE-PROD(4).docx,245898,-
512,79207,Installing11.2.0.4RAC(1).docx,..\\fileAttachments\\Solutions\\Jul2017\\512\\Installing11.2.0.4RAC(1).docx,1086175,-
512,79208,RAC-EBSListenerConfiguration.docx,..\\fileAttachments\\Solutions\\Jul2017\\512\\RAC-EBSListenerConfiguration.docx,4676,-
513,79209,Ryman12.2upgradedetails.docx,..\\fileAttachments\\Solutions\\Jul2017\\513\\Ryman12.2upgradedetails.docx,2148380,-
513,79213,RymanUpgradeEBSfrom12.1.3to12.2.3.docx,..\\fileAttachments\\Solutions\\Jul2017\\513\\RymanUpgradeEBSfrom12.1.3to12.2.3.docx,7229,-
514,79210,RYMAN-apex_ebs_integration.docx,..\\fileAttachments\\Solutions\\Jul2017\\514\\RYMAN-apex_ebs_integration.docx,729590,-
515,79211,Ryman-12cDBupgrade-Details.docx,..\\fileAttachments\\Solutions\\Jul2017\\515\\Ryman-12cDBupgrade-Details.docx,4144117,-
516,79212,UMDTestRac-Install.docx,..\\fileAttachments\\Solutions\\Jul2017\\516\\UMDTestRac-Install.docx,64873,-
517,79214,RACSCANListener-SetupTroubleshooting.docx,..\\fileAttachments\\Solutions\\Jul2017\\517\\RACSCANListener-SetupTroubleshooting.docx,14028,-
517,79215,RAC-EBSListenerConfiguration.docx,..\\fileAttachments\\Solutions\\Jul2017\\517\\RAC-EBSListenerConfiguration.docx,4676,-
517,79216,Rac-Changescanport.docx,..\\fileAttachments\\Solutions\\Jul2017\\517\\Rac-Changescanport.docx,12471,-
518,79217,HowtoVerifyVertexisworkingfromEBSApplication.docx,..\\fileAttachments\\Solutions\\Jul2017\\518\\HowtoVerifyVertexisworkingfromEBSApplication.docx,108429,-
519,81915,demantra-post-step-2.docx,..\\fileAttachments\\Solutions\\Aug2017\\519\\demantra-post-step-2.docx,161043,-
519,113408,Demantraclone.docx,..\fileAttachments\Solutions\Jun2019\519\Demantraclone.docx,24008,-
520,79219,Brightfield-Perf.docx,..\\fileAttachments\\Solutions\\Jul2017\\520\\Brightfield-Perf.docx,14671,-
527,79820,service based monitoring using OEM.docx,..\\fileAttachments\\Solutions\\Jul2017\\527\\service based monitoring using OEM.docx,1244504,-
532,114318,ddl_user.txt,..\fileAttachments\Solutions\Jul2019\532\ddl_user.txt,1945,-
536,84031,change_winpass1.png,..\\fileAttachments\\Solutions\\Oct2017\\536\\change_winpass1.png,210433,-
536,84032,change_winpass2.png,..\\fileAttachments\\Solutions\\Oct2017\\536\\change_winpass2.png,82387,-
536,84034,change_winpass3.png,..\\fileAttachments\\Solutions\\Oct2017\\536\\change_winpass3.png,68105,-
538,144921,Ryman_2021_Q1_Audit_Report.xlsx,..\fileAttachments\Solutions\Apr2021\538\Ryman_2021_Q1_Audit_Report.xlsx,398058,application/vnd.openxmlformats-officedocument.spreadsheetml.sheet
547,84011,1.PNG,..\\fileAttachments\\Solutions\\Oct2017\\547\\1.PNG,59211,-
547,84012,2.PNG,..\\fileAttachments\\Solutions\\Oct2017\\547\\2.PNG,57237,-
547,84013,3.PNG,..\\fileAttachments\\Solutions\\Oct2017\\547\\3.PNG,59432,-
549,91503,WF Mailer_PRODEBS.PNG,..\\fileAttachments\\Solutions\\Mar2018\\549\\WF Mailer_PRODEBS.PNG,128073,-
549,91504,OPP_PRODEBS.PNG,..\\fileAttachments\\Solutions\\Mar2018\\549\\OPP_PRODEBS.PNG,3062,-
550,84025,1.JPG,..\\fileAttachments\\Solutions\\Oct2017\\550\\1.JPG,103235,-
550,84026,2.JPG,..\\fileAttachments\\Solutions\\Oct2017\\550\\2.JPG,102889,-
554,84301,SRVCTL_COMMANDS.txt,..\\fileAttachments\\Solutions\\Oct2017\\554\\SRVCTL_COMMANDS.txt,28719,-
557,85204,22.png,..\\fileAttachments\\Solutions\\Nov2017\\557\\22.png,6290,-
560,122139,Post_Refresh_Validations.docx,..\fileAttachments\Solutions\Jan2020\560\Post_Refresh_Validations.docx,16827,-
572,141323,Post clone steps of AvaTax Global connector for Oracle EBS 12.docx,..\fileAttachments\Solutions\Jan2021\572\Post clone steps of AvaTax Global connector for Oracle EBS 12.docx,495734,application/vnd.openxmlformats-officedocument.wordprocessingml.document
572,142240,Onto Oracle Post Clone Steps.xlsx,..\fileAttachments\Solutions\Feb2021\572\Onto Oracle Post Clone Steps.xlsx,13091,application/vnd.openxmlformats-officedocument.spreadsheetml.sheet
572,98720,ASCP.jpg,..\\fileAttachments\\Solutions\\Aug2018\\572\\ASCP.jpg,103450,-
572,112803,clone_rac_to_rac(1).txt,..\fileAttachments\Solutions\Jun2019\572\clone_rac_to_rac(1).txt,15596,-
572,112809,Workflow Post Clone Step Check.jpg,..\fileAttachments\Solutions\Jun2019\572\Workflow Post Clone Step Check.jpg,76903,-
585,105617,Oracle 11i Clone.docx,..\\fileAttachments\\Solutions\\Jan2019\\585\\Oracle 11i Clone.docx,868941,-
585,105623,Ichor Isupplier.docx,..\\fileAttachments\\Solutions\\Jan2019\\585\\Ichor Isupplier.docx,167369,-
609,117014,RYMAN_CLONE_UPDATED_DOC.docx,..\fileAttachments\Solutions\Sep2019\609\RYMAN_CLONE_UPDATED_DOC.docx,209395,-
644,180329,Error Message.png,..\fileAttachments\solution\May2023\180329\Error Message.png,17804,image/png
